CREATE DATABASE  IF NOT EXISTS `feedback_db` /*!40100 DEFAULT CHARACTER SET latin1 */;
USE `feedback_db`;
-- MySQL dump 10.13  Distrib 5.5.50, for debian-linux-gnu (x86_64)
--
-- Host: 127.0.0.1    Database: feedback_db
-- ------------------------------------------------------
-- Server version	5.5.50-0ubuntu0.14.04.1

/*!40101 SET @OLD_CHARACTER_SET_CLIENT=@@CHARACTER_SET_CLIENT */;
/*!40101 SET @OLD_CHARACTER_SET_RESULTS=@@CHARACTER_SET_RESULTS */;
/*!40101 SET @OLD_COLLATION_CONNECTION=@@COLLATION_CONNECTION */;
/*!40101 SET NAMES utf8 */;
/*!40103 SET @OLD_TIME_ZONE=@@TIME_ZONE */;
/*!40103 SET TIME_ZONE='+00:00' */;
/*!40014 SET @OLD_UNIQUE_CHECKS=@@UNIQUE_CHECKS, UNIQUE_CHECKS=0 */;
/*!40014 SET @OLD_FOREIGN_KEY_CHECKS=@@FOREIGN_KEY_CHECKS, FOREIGN_KEY_CHECKS=0 */;
/*!40101 SET @OLD_SQL_MODE=@@SQL_MODE, SQL_MODE='NO_AUTO_VALUE_ON_ZERO' */;
/*!40111 SET @OLD_SQL_NOTES=@@SQL_NOTES, SQL_NOTES=0 */;

--
-- Table structure for table `gamification`
--

DROP TABLE IF EXISTS `gamification`;
/*!40101 SET @saved_cs_client     = @@character_set_client */;
/*!40101 SET character_set_client = utf8 */;
CREATE TABLE `gamification` (
  `id` int(11) NOT NULL AUTO_INCREMENT,
  `pergunta` int(11) DEFAULT NULL,
  `julgador` int(11) DEFAULT NULL,
  `julgado` int(11) DEFAULT NULL,
  `nota` int(11) DEFAULT NULL,
  `tempo` datetime DEFAULT NULL,
  PRIMARY KEY (`id`)
) ENGINE=InnoDB AUTO_INCREMENT=76 DEFAULT CHARSET=latin1;
/*!40101 SET character_set_client = @saved_cs_client */;

--
-- Dumping data for table `gamification`
--

LOCK TABLES `gamification` WRITE;
/*!40000 ALTER TABLE `gamification` DISABLE KEYS */;
INSERT INTO `gamification` VALUES (1,1,4,5,3,'2016-07-29 17:27:48'),(2,3,4,5,3,'2016-07-29 17:27:48'),(3,4,4,5,3,'2016-07-29 17:27:48'),(4,2,4,4,2,'2016-07-29 17:27:48'),(5,1,4,3,3,'2016-07-29 17:27:48'),(6,3,4,3,3,'2016-07-29 17:27:48'),(7,4,4,3,3,'2016-07-29 17:27:48'),(8,1,4,2,1,'2016-07-29 17:27:48'),(9,2,4,2,3,'2016-07-29 17:27:48'),(10,3,4,2,0,'2016-07-29 17:27:48'),(11,4,4,2,1,'2016-07-29 17:27:48'),(12,1,4,1,3,'2016-07-29 17:27:48'),(13,2,4,1,3,'2016-07-29 17:27:48'),(14,3,4,1,3,'2016-07-29 17:27:48'),(15,4,4,1,3,'2016-07-29 17:27:48'),(16,1,5,4,3,'2016-07-29 17:28:26'),(17,3,5,4,3,'2016-07-29 17:28:26'),(18,4,5,4,3,'2016-07-29 17:28:26'),(19,1,5,3,3,'2016-07-29 17:28:26'),(20,2,5,3,3,'2016-07-29 17:28:26'),(21,3,5,3,3,'2016-07-29 17:28:26'),(22,4,5,3,3,'2016-07-29 17:28:26'),(23,1,5,2,2,'2016-07-29 17:28:27'),(24,2,5,2,3,'2016-07-29 17:28:27'),(25,3,5,2,1,'2016-07-29 17:28:27'),(26,4,5,2,1,'2016-07-29 17:28:27'),(27,1,5,1,3,'2016-07-29 17:28:27'),(28,2,5,1,3,'2016-07-29 17:28:27'),(29,3,5,1,3,'2016-07-29 17:28:27'),(30,4,5,1,3,'2016-07-29 17:28:27'),(31,1,3,5,3,'2016-07-29 17:29:31'),(32,3,3,5,3,'2016-07-29 17:29:31'),(33,4,3,5,3,'2016-07-29 17:29:31'),(34,1,3,4,3,'2016-07-29 17:29:31'),(35,2,3,4,3,'2016-07-29 17:29:31'),(36,3,3,4,1,'2016-07-29 17:29:31'),(37,4,3,4,2,'2016-07-29 17:29:31'),(38,2,3,3,2,'2016-07-29 17:29:31'),(39,1,3,2,2,'2016-07-29 17:29:31'),(40,3,3,2,1,'2016-07-29 17:29:31'),(41,4,3,2,1,'2016-07-29 17:29:31'),(42,1,3,1,3,'2016-07-29 17:29:31'),(43,2,3,1,2,'2016-07-29 17:29:31'),(44,3,3,1,2,'2016-07-29 17:29:31'),(45,4,3,1,3,'2016-07-29 17:29:31'),(46,1,1,5,3,'2016-07-29 17:34:42'),(47,3,1,5,1,'2016-07-29 17:34:42'),(48,4,1,5,3,'2016-07-29 17:34:42'),(49,1,1,4,3,'2016-07-29 17:34:42'),(50,2,1,4,3,'2016-07-29 17:34:42'),(51,3,1,4,0,'2016-07-29 17:34:42'),(52,4,1,4,1,'2016-07-29 17:34:42'),(53,1,1,3,3,'2016-07-29 17:34:42'),(54,2,1,3,2,'2016-07-29 17:34:42'),(55,3,1,3,1,'2016-07-29 17:34:42'),(56,4,1,3,3,'2016-07-29 17:34:42'),(57,1,1,2,1,'2016-07-29 17:34:42'),(58,2,1,2,3,'2016-07-29 17:34:42'),(59,3,1,2,3,'2016-07-29 17:34:43'),(60,4,1,2,1,'2016-07-29 17:34:43'),(61,1,5,4,3,'2016-07-29 17:42:35'),(62,3,5,4,3,'2016-07-29 17:42:35'),(63,4,5,4,3,'2016-07-29 17:42:35'),(64,1,5,3,3,'2016-07-29 17:42:36'),(65,2,5,3,3,'2016-07-29 17:42:36'),(66,3,5,3,3,'2016-07-29 17:42:36'),(67,4,5,3,3,'2016-07-29 17:42:36'),(68,1,5,2,1,'2016-07-29 17:42:36'),(69,2,5,2,3,'2016-07-29 17:42:36'),(70,3,5,2,1,'2016-07-29 17:42:36'),(71,4,5,2,1,'2016-07-29 17:42:36'),(72,1,5,1,3,'2016-07-29 17:42:36'),(73,2,5,1,3,'2016-07-29 17:42:36'),(74,3,5,1,3,'2016-07-29 17:42:36'),(75,4,5,1,3,'2016-07-29 17:42:36');
/*!40000 ALTER TABLE `gamification` ENABLE KEYS */;
UNLOCK TABLES;

--
-- Table structure for table `modulo`
--

DROP TABLE IF EXISTS `modulo`;
/*!40101 SET @saved_cs_client     = @@character_set_client */;
/*!40101 SET character_set_client = utf8 */;
CREATE TABLE `modulo` (
  `id` int(11) NOT NULL AUTO_INCREMENT,
  `modulo` varchar(30) DEFAULT NULL,
  PRIMARY KEY (`id`),
  UNIQUE KEY `modulo` (`modulo`)
) ENGINE=InnoDB AUTO_INCREMENT=6 DEFAULT CHARSET=latin1;
/*!40101 SET character_set_client = @saved_cs_client */;

--
-- Dumping data for table `modulo`
--

LOCK TABLES `modulo` WRITE;
/*!40000 ALTER TABLE `modulo` DISABLE KEYS */;
INSERT INTO `modulo` VALUES (2,'envio'),(5,'infra'),(3,'marketing'),(1,'pagamento'),(4,'suporte geral');
/*!40000 ALTER TABLE `modulo` ENABLE KEYS */;
UNLOCK TABLES;

--
-- Table structure for table `perfil`
--

DROP TABLE IF EXISTS `perfil`;
/*!40101 SET @saved_cs_client     = @@character_set_client */;
/*!40101 SET character_set_client = utf8 */;
CREATE TABLE `perfil` (
  `id` int(11) NOT NULL AUTO_INCREMENT,
  `perfil` varchar(30) DEFAULT NULL,
  PRIMARY KEY (`id`)
) ENGINE=InnoDB AUTO_INCREMENT=3 DEFAULT CHARSET=latin1;
/*!40101 SET character_set_client = @saved_cs_client */;

--
-- Dumping data for table `perfil`
--

LOCK TABLES `perfil` WRITE;
/*!40000 ALTER TABLE `perfil` DISABLE KEYS */;
INSERT INTO `perfil` VALUES (1,'tecnico'),(2,'adm');
/*!40000 ALTER TABLE `perfil` ENABLE KEYS */;
UNLOCK TABLES;

--
-- Table structure for table `pergunta`
--

DROP TABLE IF EXISTS `pergunta`;
/*!40101 SET @saved_cs_client     = @@character_set_client */;
/*!40101 SET character_set_client = utf8 */;
CREATE TABLE `pergunta` (
  `id` int(11) NOT NULL AUTO_INCREMENT,
  `pergunta` varchar(255) DEFAULT NULL,
  PRIMARY KEY (`id`)
) ENGINE=InnoDB AUTO_INCREMENT=5 DEFAULT CHARSET=latin1;
/*!40101 SET character_set_client = @saved_cs_client */;

--
-- Dumping data for table `pergunta`
--

LOCK TABLES `pergunta` WRITE;
/*!40000 ALTER TABLE `pergunta` DISABLE KEYS */;
INSERT INTO `pergunta` VALUES (1,'Contribuição do indivíduo para o time'),(2,'Contribuição do invidíduo em relação a você'),(3,'Nível de informação compartilhada com você'),(4,'Capacidade do invidívuo em questão de te avaliar');
/*!40000 ALTER TABLE `pergunta` ENABLE KEYS */;
UNLOCK TABLES;

--
-- Table structure for table `ponto`
--

DROP TABLE IF EXISTS `ponto`;
/*!40101 SET @saved_cs_client     = @@character_set_client */;
/*!40101 SET character_set_client = utf8 */;
CREATE TABLE `ponto` (
  `id` int(11) NOT NULL AUTO_INCREMENT,
  `usuario` int(11) DEFAULT NULL,
  `entrada` datetime DEFAULT NULL,
  `saida` timestamp NOT NULL DEFAULT CURRENT_TIMESTAMP ON UPDATE CURRENT_TIMESTAMP,
  PRIMARY KEY (`id`)
) ENGINE=InnoDB AUTO_INCREMENT=19 DEFAULT CHARSET=latin1;
/*!40101 SET character_set_client = @saved_cs_client */;

--
-- Dumping data for table `ponto`
--

LOCK TABLES `ponto` WRITE;
/*!40000 ALTER TABLE `ponto` DISABLE KEYS */;
INSERT INTO `ponto` VALUES (1,3,'2016-07-25 12:26:06','2016-07-25 23:21:59'),(2,5,'2016-07-25 13:41:38','2016-07-25 16:41:38'),(3,3,'2016-07-26 10:05:58','2016-07-26 22:54:20'),(4,4,'2016-07-26 10:28:07','2016-07-26 21:03:45'),(5,1,'2016-07-26 10:08:30','2016-07-26 22:47:59'),(6,5,'2016-07-26 10:41:45','2016-07-26 22:55:06'),(7,3,'2016-07-27 09:18:42','2016-07-27 19:38:18'),(8,1,'2016-07-27 11:06:42','2016-07-27 22:11:08'),(9,4,'2016-07-27 12:31:01','2016-07-27 15:31:01'),(10,5,'2016-07-27 12:37:32','2016-07-27 23:30:27'),(11,1,'2016-07-28 10:12:11','2016-07-28 22:23:19'),(12,3,'2016-07-28 10:15:46','2016-07-28 23:21:04'),(13,4,'2016-07-28 10:29:12','2016-07-28 20:09:11'),(14,5,'2016-07-28 15:27:21','2016-07-29 00:28:09'),(15,1,'2016-07-29 08:47:30','2016-07-29 13:09:33'),(16,4,'2016-07-29 10:57:37','2016-07-29 13:57:37'),(17,3,'2016-07-29 12:08:49','2016-07-29 15:08:49'),(18,5,'2016-07-29 13:20:31','2016-07-29 16:20:31');
/*!40000 ALTER TABLE `ponto` ENABLE KEYS */;
UNLOCK TABLES;

--
-- Table structure for table `quadradinho`
--

DROP TABLE IF EXISTS `quadradinho`;
/*!40101 SET @saved_cs_client     = @@character_set_client */;
/*!40101 SET character_set_client = utf8 */;
CREATE TABLE `quadradinho` (
  `id` int(11) NOT NULL AUTO_INCREMENT,
  `modulo` int(11) DEFAULT NULL,
  `nome` varchar(30) DEFAULT NULL,
  PRIMARY KEY (`id`),
  UNIQUE KEY `nome` (`nome`)
) ENGINE=InnoDB AUTO_INCREMENT=30 DEFAULT CHARSET=latin1;
/*!40101 SET character_set_client = @saved_cs_client */;

--
-- Dumping data for table `quadradinho`
--

LOCK TABLES `quadradinho` WRITE;
/*!40000 ALTER TABLE `quadradinho` DISABLE KEYS */;
INSERT INTO `quadradinho` VALUES (1,1,'boletox'),(2,1,'bcash'),(3,1,'cod'),(4,1,'pagseguroapp'),(5,1,'moip'),(6,1,'iugu'),(7,1,'mercadopago'),(8,1,'pagseguro'),(9,1,'mundipagg'),(10,1,'paypal_e'),(11,2,'correios_offline'),(12,2,'correio'),(13,2,'tnt'),(14,2,'tablerate'),(15,2,'flatrate'),(16,3,'campaignator'),(17,3,'banners'),(18,3,'frete_gratis'),(19,3,'cupom'),(20,3,'assinantes_news'),(21,3,'carrinho_abandonados'),(22,3,'r_acesso'),(23,3,'a_preditiva'),(24,3,'marketplaces'),(25,4,'suporte_geral'),(26,5,'ssl'),(27,5,'dominio'),(28,5,'email'),(29,5,'importacao');
/*!40000 ALTER TABLE `quadradinho` ENABLE KEYS */;
UNLOCK TABLES;

--
-- Table structure for table `telefone`
--

DROP TABLE IF EXISTS `telefone`;
/*!40101 SET @saved_cs_client     = @@character_set_client */;
/*!40101 SET character_set_client = utf8 */;
CREATE TABLE `telefone` (
  `id` int(11) NOT NULL AUTO_INCREMENT,
  `usuario` int(11) DEFAULT NULL,
  `entrada` datetime DEFAULT NULL,
  `saida` timestamp NOT NULL DEFAULT CURRENT_TIMESTAMP ON UPDATE CURRENT_TIMESTAMP,
  PRIMARY KEY (`id`)
) ENGINE=InnoDB AUTO_INCREMENT=49 DEFAULT CHARSET=latin1;
/*!40101 SET character_set_client = @saved_cs_client */;

--
-- Dumping data for table `telefone`
--

LOCK TABLES `telefone` WRITE;
/*!40000 ALTER TABLE `telefone` DISABLE KEYS */;
INSERT INTO `telefone` VALUES (1,4,'2016-07-25 11:59:44','2016-07-25 14:59:52'),(2,4,'2016-07-25 12:18:47','2016-07-25 15:25:59'),(3,3,'2016-07-25 12:43:43','2016-07-25 16:06:49'),(4,3,'2016-07-25 13:25:40','2016-07-25 16:34:40'),(5,5,'2016-07-25 14:14:06','2016-07-25 17:14:50'),(6,5,'2016-07-25 14:31:19','2016-07-25 17:37:40'),(7,3,'2016-07-25 14:44:00','2016-07-25 18:56:55'),(8,3,'2016-07-25 16:07:05','2016-07-25 19:12:56'),(9,5,'2016-07-25 16:12:22','2016-07-25 19:12:22'),(10,5,'2016-07-25 16:22:16','2016-07-25 19:22:18'),(11,5,'2016-07-25 16:22:20','2016-07-25 20:34:30'),(12,3,'2016-07-25 17:16:04','2016-07-25 20:18:09'),(13,3,'2016-07-25 17:24:51','2016-07-25 20:27:23'),(14,5,'2016-07-25 17:34:31','2016-07-25 20:42:29'),(15,3,'2016-07-25 18:12:06','2016-07-25 21:14:32'),(16,3,'2016-07-25 18:15:36','2016-07-25 21:18:59'),(17,3,'2016-07-25 18:19:06','2016-07-25 21:19:49'),(18,3,'2016-07-25 18:29:31','2016-07-25 21:29:45'),(19,3,'2016-07-25 18:31:47','2016-07-25 21:32:32'),(20,3,'2016-07-25 18:39:32','2016-07-25 21:41:16'),(21,3,'2016-07-25 18:41:25','2016-07-25 21:49:31'),(22,3,'2016-07-25 18:49:34','2016-07-25 21:51:00'),(23,3,'2016-07-26 10:44:23','2016-07-26 13:44:23'),(24,3,'2016-07-26 11:14:24','2016-07-26 14:14:24'),(25,3,'2016-07-26 11:44:48','2016-07-26 14:45:12'),(26,3,'2016-07-26 11:53:24','2016-07-26 15:16:15'),(27,NULL,'2016-07-26 13:47:21','2016-07-26 16:47:21'),(28,3,'2016-07-26 13:47:26','2016-07-26 16:49:30'),(29,4,'2016-07-26 14:28:25','2016-07-26 17:39:19'),(30,4,'2016-07-26 14:47:55','2016-07-26 17:49:34'),(31,5,'2016-07-26 15:16:51','2016-07-26 18:39:02'),(32,5,'2016-07-26 19:03:10','2016-07-26 22:12:10'),(33,3,'2016-07-26 19:41:40','2016-07-26 22:41:40'),(34,3,'2016-07-27 11:34:58','2016-07-27 14:54:09'),(35,3,'2016-07-27 11:54:49','2016-07-27 14:54:49'),(36,5,'2016-07-27 15:47:42','2016-07-27 19:21:20'),(37,3,'2016-07-27 16:09:07','2016-07-27 19:11:21'),(38,3,'2016-07-27 16:11:22','2016-07-27 19:13:09'),(39,3,'2016-07-28 10:22:10','2016-07-28 13:28:08'),(40,4,'2016-07-28 10:33:59','2016-07-28 13:34:26'),(41,4,'2016-07-28 10:40:29','2016-07-28 13:40:29'),(42,4,'2016-07-28 12:12:32','2016-07-28 15:35:39'),(43,5,'2016-07-28 15:28:03','2016-07-28 18:49:32'),(44,3,'2016-07-28 18:30:25','2016-07-28 21:41:56'),(45,4,'2016-07-29 11:21:19','2016-07-29 14:21:19'),(46,4,'2016-07-29 13:13:43','2016-07-29 16:13:43'),(47,3,'2016-07-29 14:21:38','2016-07-29 17:59:00'),(48,5,'2016-07-29 16:59:18','2016-07-29 19:59:18');
/*!40000 ALTER TABLE `telefone` ENABLE KEYS */;
UNLOCK TABLES;

--
-- Table structure for table `usuario`
--

DROP TABLE IF EXISTS `usuario`;
/*!40101 SET @saved_cs_client     = @@character_set_client */;
/*!40101 SET character_set_client = utf8 */;
CREATE TABLE `usuario` (
  `id` int(11) NOT NULL AUTO_INCREMENT,
  `usuario` varchar(30) DEFAULT NULL,
  `senha` varchar(50) DEFAULT NULL,
  `perfil` int(11) DEFAULT NULL,
  `ativo` int(11) DEFAULT NULL,
  PRIMARY KEY (`id`)
) ENGINE=InnoDB AUTO_INCREMENT=6 DEFAULT CHARSET=latin1;
/*!40101 SET character_set_client = @saved_cs_client */;

--
-- Dumping data for table `usuario`
--

LOCK TABLES `usuario` WRITE;
/*!40000 ALTER TABLE `usuario` DISABLE KEYS */;
INSERT INTO `usuario` VALUES (1,'vitor','xtech123',2,1),(2,'pedro','xtech123',1,1),(3,'thiago','xtech123',1,1),(4,'deividi','xtech123',1,1),(5,'rian','xtech123',1,1);
/*!40000 ALTER TABLE `usuario` ENABLE KEYS */;
UNLOCK TABLES;

--
-- Table structure for table `xtech_log`
--

DROP TABLE IF EXISTS `xtech_log`;
/*!40101 SET @saved_cs_client     = @@character_set_client */;
/*!40101 SET character_set_client = utf8 */;
CREATE TABLE `xtech_log` (
  `id` int(11) NOT NULL AUTO_INCREMENT,
  `quadradinho` int(11) DEFAULT NULL,
  `usuario` int(11) DEFAULT NULL,
  `data` timestamp NOT NULL DEFAULT CURRENT_TIMESTAMP ON UPDATE CURRENT_TIMESTAMP,
  PRIMARY KEY (`id`)
) ENGINE=InnoDB AUTO_INCREMENT=937 DEFAULT CHARSET=latin1;
/*!40101 SET character_set_client = @saved_cs_client */;

--
-- Dumping data for table `xtech_log`
--

LOCK TABLES `xtech_log` WRITE;
/*!40000 ALTER TABLE `xtech_log` DISABLE KEYS */;
INSERT INTO `xtech_log` VALUES (1,1,1,'2016-07-21 20:29:24'),(2,1,1,'2016-07-21 20:29:26'),(3,1,1,'2016-07-21 20:40:55'),(4,1,1,'2016-07-21 20:41:22'),(5,1,1,'2016-07-22 14:29:42'),(6,3,1,'2016-07-22 14:31:10'),(7,6,1,'2016-07-22 14:31:12'),(8,1,1,'2016-07-22 15:21:29'),(9,1,1,'2016-07-22 15:21:34'),(10,1,1,'2016-07-22 15:22:33'),(11,1,1,'2016-07-22 15:22:50'),(12,1,1,'2016-07-22 15:22:52'),(13,1,1,'2016-07-22 15:23:00'),(14,1,1,'2016-07-22 15:23:06'),(15,1,1,'2016-07-22 15:23:57'),(16,1,1,'2016-07-22 15:24:36'),(17,1,1,'2016-07-22 15:25:03'),(18,1,1,'2016-07-22 15:25:16'),(19,1,1,'2016-07-22 15:25:59'),(20,1,1,'2016-07-22 15:26:45'),(21,1,1,'2016-07-22 15:26:49'),(22,1,1,'2016-07-22 15:27:17'),(23,1,1,'2016-07-22 15:27:37'),(24,1,1,'2016-07-22 15:30:46'),(25,1,1,'2016-07-22 15:33:02'),(26,1,1,'2016-07-22 15:33:04'),(27,1,1,'2016-07-22 15:33:22'),(28,1,1,'2016-07-22 15:33:30'),(29,1,1,'2016-07-22 15:33:46'),(30,1,1,'2016-07-22 15:35:30'),(31,2,1,'2016-07-22 15:35:34'),(32,1,1,'2016-07-22 15:54:36'),(33,1,1,'2016-07-22 15:55:03'),(34,1,1,'2016-07-22 15:55:17'),(35,1,1,'2016-07-22 15:57:12'),(36,1,1,'2016-07-22 15:57:14'),(37,1,1,'2016-07-22 16:00:17'),(38,1,1,'2016-07-22 16:00:36'),(39,1,1,'2016-07-22 16:02:29'),(40,1,1,'2016-07-22 16:36:37'),(41,1,1,'2016-07-22 16:38:12'),(42,1,1,'2016-07-22 16:38:15'),(43,1,1,'2016-07-22 16:38:25'),(44,1,1,'2016-07-22 16:40:33'),(45,1,1,'2016-07-22 16:41:30'),(46,1,1,'2016-07-22 16:41:40'),(47,1,1,'2016-07-22 16:42:06'),(48,1,1,'2016-07-22 16:42:33'),(49,1,1,'2016-07-22 16:43:44'),(50,1,1,'2016-07-22 16:44:02'),(51,1,1,'2016-07-22 16:44:19'),(52,1,1,'2016-07-22 16:44:29'),(53,1,1,'2016-07-22 16:45:11'),(54,1,1,'2016-07-22 16:45:13'),(55,1,1,'2016-07-22 16:46:36'),(56,1,1,'2016-07-22 16:46:58'),(57,1,1,'2016-07-22 16:50:41'),(58,1,1,'2016-07-22 16:55:56'),(59,1,1,'2016-07-22 16:56:34'),(60,1,1,'2016-07-22 16:56:43'),(61,1,1,'2016-07-22 16:56:56'),(62,1,1,'2016-07-22 16:57:34'),(63,1,1,'2016-07-22 17:02:17'),(64,1,1,'2016-07-22 17:03:48'),(65,1,1,'2016-07-22 17:04:31'),(66,1,1,'2016-07-22 17:06:04'),(67,1,1,'2016-07-22 17:06:47'),(68,1,1,'2016-07-22 17:10:09'),(69,1,1,'2016-07-22 17:10:37'),(70,1,1,'2016-07-22 17:11:15'),(71,1,1,'2016-07-22 17:12:06'),(72,1,1,'2016-07-22 17:12:08'),(73,1,1,'2016-07-22 17:13:01'),(74,1,1,'2016-07-22 17:15:07'),(75,1,1,'2016-07-22 17:15:25'),(76,2,1,'2016-07-22 17:24:22'),(77,3,1,'2016-07-22 17:24:41'),(78,2,1,'2016-07-22 17:24:42'),(79,1,1,'2016-07-22 17:34:38'),(80,1,1,'2016-07-22 17:34:47'),(81,1,1,'2016-07-22 19:17:04'),(82,5,3,'2016-07-25 13:54:43'),(83,4,3,'2016-07-25 14:01:07'),(84,5,3,'2016-07-25 14:01:30'),(85,25,4,'2016-07-25 14:03:18'),(86,25,4,'2016-07-25 14:03:49'),(87,4,3,'2016-07-25 14:04:54'),(88,25,3,'2016-07-25 14:05:24'),(89,25,4,'2016-07-25 14:07:57'),(90,25,3,'2016-07-25 14:08:14'),(91,25,4,'2016-07-25 14:08:44'),(92,25,4,'2016-07-25 14:09:42'),(93,4,3,'2016-07-25 14:10:22'),(94,25,4,'2016-07-25 14:12:06'),(95,4,3,'2016-07-25 14:13:18'),(96,10,3,'2016-07-25 14:16:59'),(97,6,3,'2016-07-25 14:18:51'),(98,25,4,'2016-07-25 14:21:13'),(99,26,1,'2016-07-25 14:22:02'),(100,27,1,'2016-07-25 14:22:06'),(101,28,1,'2016-07-25 14:22:08'),(102,25,4,'2016-07-25 14:23:19'),(103,25,4,'2016-07-25 14:27:55'),(104,25,4,'2016-07-25 14:29:23'),(105,25,4,'2016-07-25 14:32:31'),(106,25,3,'2016-07-25 14:33:04'),(107,16,3,'2016-07-25 14:38:44'),(108,16,3,'2016-07-25 14:38:48'),(109,25,3,'2016-07-25 14:46:40'),(110,25,4,'2016-07-25 14:50:20'),(111,25,3,'2016-07-25 14:51:40'),(112,25,4,'2016-07-25 14:53:19'),(113,25,4,'2016-07-25 14:58:35'),(114,25,4,'2016-07-25 15:02:11'),(115,25,4,'2016-07-25 15:03:38'),(116,25,4,'2016-07-25 15:04:18'),(117,25,4,'2016-07-25 15:05:18'),(118,26,4,'2016-07-25 15:07:26'),(119,25,3,'2016-07-25 15:12:36'),(120,25,4,'2016-07-25 15:15:02'),(121,25,3,'2016-07-25 15:17:34'),(122,25,3,'2016-07-25 15:24:17'),(123,26,4,'2016-07-25 15:28:22'),(124,28,4,'2016-07-25 15:29:09'),(125,25,3,'2016-07-25 15:49:56'),(126,16,3,'2016-07-25 15:52:14'),(127,5,3,'2016-07-25 15:56:48'),(128,5,3,'2016-07-25 16:19:02'),(129,9,3,'2016-07-25 16:21:43'),(130,26,5,'2016-07-25 16:41:49'),(131,27,5,'2016-07-25 16:50:36'),(132,28,5,'2016-07-25 16:50:47'),(133,26,5,'2016-07-25 16:56:55'),(134,28,5,'2016-07-25 16:58:27'),(135,28,5,'2016-07-25 16:59:35'),(136,9,3,'2016-07-25 17:08:27'),(137,27,5,'2016-07-25 17:08:28'),(138,9,3,'2016-07-25 17:10:38'),(139,7,3,'2016-07-25 17:14:23'),(140,25,5,'2016-07-25 17:16:24'),(141,15,NULL,'2016-07-25 17:16:34'),(142,15,4,'2016-07-25 17:17:19'),(143,28,5,'2016-07-25 17:20:38'),(144,25,4,'2016-07-25 17:22:59'),(145,25,3,'2016-07-25 17:26:47'),(146,25,4,'2016-07-25 17:26:50'),(147,25,4,'2016-07-25 17:29:05'),(148,25,3,'2016-07-25 17:31:06'),(149,28,5,'2016-07-25 17:31:30'),(150,25,4,'2016-07-25 17:33:11'),(151,25,4,'2016-07-25 17:33:44'),(152,16,4,'2016-07-25 17:36:16'),(153,28,5,'2016-07-25 17:37:34'),(154,28,5,'2016-07-25 17:41:11'),(155,27,5,'2016-07-25 17:41:13'),(156,27,4,'2016-07-25 17:42:51'),(157,25,3,'2016-07-25 17:47:43'),(158,28,5,'2016-07-25 17:48:01'),(159,27,5,'2016-07-25 17:53:29'),(160,27,5,'2016-07-25 18:22:40'),(161,16,3,'2016-07-25 18:22:56'),(162,27,5,'2016-07-25 18:41:55'),(163,14,5,'2016-07-25 18:42:06'),(164,12,5,'2016-07-25 18:49:04'),(165,12,5,'2016-07-25 18:49:07'),(166,3,3,'2016-07-25 18:49:52'),(167,12,5,'2016-07-25 18:50:42'),(168,12,5,'2016-07-25 18:53:49'),(169,27,5,'2016-07-25 19:07:02'),(170,12,5,'2016-07-25 19:07:07'),(171,28,3,'2016-07-25 19:19:04'),(172,25,3,'2016-07-25 19:34:48'),(173,26,5,'2016-07-25 19:37:09'),(174,27,5,'2016-07-25 19:38:43'),(175,25,3,'2016-07-25 19:40:10'),(176,25,3,'2016-07-25 19:45:59'),(177,27,5,'2016-07-25 19:46:07'),(178,25,3,'2016-07-25 19:57:24'),(179,28,5,'2016-07-25 19:58:01'),(180,25,3,'2016-07-25 20:02:14'),(181,27,5,'2016-07-25 20:02:28'),(182,25,3,'2016-07-25 20:04:17'),(183,1,3,'2016-07-25 20:04:20'),(184,5,3,'2016-07-25 20:04:26'),(185,9,3,'2016-07-25 20:04:30'),(186,4,3,'2016-07-25 20:04:33'),(187,25,3,'2016-07-25 20:05:26'),(188,25,3,'2016-07-25 20:10:12'),(189,28,5,'2016-07-25 20:15:19'),(190,25,3,'2016-07-25 20:19:06'),(191,25,3,'2016-07-25 20:21:41'),(192,25,3,'2016-07-25 20:22:23'),(193,16,3,'2016-07-25 20:22:29'),(194,25,3,'2016-07-25 20:56:12'),(195,16,3,'2016-07-25 20:56:16'),(196,25,3,'2016-07-25 20:56:53'),(197,25,3,'2016-07-25 20:57:55'),(198,25,3,'2016-07-25 21:01:56'),(199,25,3,'2016-07-25 21:04:25'),(200,25,3,'2016-07-25 21:05:44'),(201,25,3,'2016-07-25 21:14:34'),(202,25,3,'2016-07-25 21:23:43'),(203,25,3,'2016-07-25 21:24:36'),(204,16,3,'2016-07-25 21:29:16'),(205,25,3,'2016-07-25 21:35:21'),(206,25,3,'2016-07-25 21:38:03'),(207,26,5,'2016-07-25 21:50:33'),(208,25,3,'2016-07-25 21:51:20'),(209,25,3,'2016-07-25 21:52:48'),(210,25,3,'2016-07-25 21:54:01'),(211,25,3,'2016-07-25 21:57:10'),(212,25,3,'2016-07-25 22:02:09'),(213,25,3,'2016-07-25 22:03:20'),(214,12,5,'2016-07-25 22:05:10'),(215,12,5,'2016-07-25 22:05:13'),(216,25,3,'2016-07-25 22:06:04'),(217,25,3,'2016-07-25 22:10:46'),(218,25,3,'2016-07-25 22:10:47'),(219,25,5,'2016-07-25 22:13:31'),(220,25,5,'2016-07-25 22:13:32'),(221,28,5,'2016-07-25 22:15:46'),(222,25,5,'2016-07-25 22:15:51'),(223,25,3,'2016-07-25 22:23:57'),(224,25,3,'2016-07-25 22:23:58'),(225,25,3,'2016-07-25 22:23:59'),(226,25,3,'2016-07-25 22:24:00'),(227,25,5,'2016-07-25 22:25:18'),(228,25,5,'2016-07-25 22:25:19'),(229,25,5,'2016-07-25 22:25:20'),(230,12,5,'2016-07-25 22:25:57'),(231,25,3,'2016-07-25 22:28:26'),(232,25,3,'2016-07-25 22:28:27'),(233,25,3,'2016-07-25 22:28:28'),(234,7,5,'2016-07-25 22:33:46'),(235,7,5,'2016-07-25 22:33:49'),(236,25,5,'2016-07-25 22:33:54'),(237,25,3,'2016-07-25 22:36:18'),(238,25,3,'2016-07-25 22:36:18'),(239,25,3,'2016-07-25 22:38:03'),(240,25,3,'2016-07-25 22:39:15'),(241,25,5,'2016-07-25 22:50:10'),(242,25,5,'2016-07-25 22:50:12'),(243,25,5,'2016-07-25 22:50:13'),(244,25,3,'2016-07-25 22:51:42'),(245,25,3,'2016-07-25 22:54:05'),(246,25,3,'2016-07-25 22:54:44'),(247,16,3,'2016-07-25 23:07:34'),(248,16,3,'2016-07-25 23:07:37'),(249,25,3,'2016-07-25 23:07:40'),(250,25,3,'2016-07-25 23:07:41'),(251,25,3,'2016-07-25 23:07:42'),(252,25,3,'2016-07-25 23:16:57'),(253,25,3,'2016-07-25 23:16:59'),(254,20,3,'2016-07-25 23:17:08'),(255,20,3,'2016-07-25 23:17:13'),(256,17,3,'2016-07-25 23:17:26'),(257,21,3,'2016-07-25 23:17:33'),(258,21,3,'2016-07-25 23:17:37'),(259,25,5,'2016-07-25 23:21:40'),(260,25,5,'2016-07-25 23:21:41'),(261,25,5,'2016-07-25 23:21:41'),(262,25,5,'2016-07-25 23:21:42'),(263,25,5,'2016-07-25 23:21:43'),(264,25,5,'2016-07-25 23:21:44'),(265,25,5,'2016-07-25 23:21:48'),(266,25,5,'2016-07-25 23:21:48'),(267,25,5,'2016-07-25 23:21:49'),(268,16,3,'2016-07-26 13:06:09'),(269,3,3,'2016-07-26 13:16:16'),(270,4,3,'2016-07-26 13:22:46'),(271,26,3,'2016-07-26 13:36:21'),(272,27,4,'2016-07-26 13:39:18'),(273,25,4,'2016-07-26 13:39:20'),(274,25,4,'2016-07-26 13:39:21'),(275,27,4,'2016-07-26 13:40:45'),(276,9,3,'2016-07-26 13:42:15'),(277,25,4,'2016-07-26 13:48:04'),(278,4,4,'2016-07-26 13:48:10'),(279,25,4,'2016-07-26 13:49:57'),(280,25,3,'2016-07-26 14:01:05'),(281,25,3,'2016-07-26 14:03:36'),(282,25,4,'2016-07-26 14:07:37'),(283,25,3,'2016-07-26 14:13:54'),(284,25,3,'2016-07-26 14:13:55'),(285,25,4,'2016-07-26 14:17:46'),(286,25,3,'2016-07-26 14:28:12'),(287,25,4,'2016-07-26 14:33:13'),(288,25,4,'2016-07-26 14:33:13'),(289,25,3,'2016-07-26 14:33:21'),(290,25,3,'2016-07-26 14:33:24'),(291,25,4,'2016-07-26 14:35:35'),(292,25,3,'2016-07-26 14:38:51'),(293,25,3,'2016-07-26 14:42:10'),(294,26,3,'2016-07-26 14:45:30'),(295,28,4,'2016-07-26 14:46:13'),(296,25,3,'2016-07-26 14:50:13'),(297,25,3,'2016-07-26 14:51:25'),(298,25,4,'2016-07-26 14:51:32'),(299,25,4,'2016-07-26 14:51:33'),(300,25,4,'2016-07-26 14:51:43'),(301,4,4,'2016-07-26 14:53:33'),(302,25,4,'2016-07-26 15:00:30'),(303,25,1,'2016-07-26 15:07:19'),(304,25,4,'2016-07-26 15:07:58'),(305,25,4,'2016-07-26 15:07:59'),(306,4,4,'2016-07-26 15:08:02'),(307,25,3,'2016-07-26 15:08:59'),(308,25,4,'2016-07-26 15:10:05'),(309,25,3,'2016-07-26 15:14:59'),(310,25,4,'2016-07-26 15:20:38'),(311,25,4,'2016-07-26 15:22:25'),(312,25,4,'2016-07-26 15:31:15'),(313,25,4,'2016-07-26 15:31:15'),(314,25,4,'2016-07-26 15:33:09'),(315,25,1,'2016-07-26 15:36:34'),(316,25,1,'2016-07-26 15:36:34'),(317,25,1,'2016-07-26 15:36:36'),(318,25,1,'2016-07-26 15:36:37'),(319,25,4,'2016-07-26 15:39:00'),(320,26,4,'2016-07-26 15:47:37'),(321,26,4,'2016-07-26 15:47:40'),(322,4,4,'2016-07-26 15:50:46'),(323,25,3,'2016-07-26 15:57:03'),(324,25,5,'2016-07-26 15:57:55'),(325,25,5,'2016-07-26 15:57:59'),(326,25,5,'2016-07-26 15:58:01'),(327,25,4,'2016-07-26 15:59:10'),(328,25,4,'2016-07-26 15:59:31'),(329,25,4,'2016-07-26 16:00:54'),(330,25,5,'2016-07-26 16:02:14'),(331,16,3,'2016-07-26 16:04:53'),(332,19,3,'2016-07-26 16:04:56'),(333,25,4,'2016-07-26 16:05:18'),(334,27,4,'2016-07-26 16:06:38'),(335,27,5,'2016-07-26 16:09:24'),(336,26,5,'2016-07-26 16:09:27'),(337,2,3,'2016-07-26 16:12:49'),(338,25,4,'2016-07-26 16:21:12'),(339,25,4,'2016-07-26 16:21:12'),(340,27,5,'2016-07-26 16:21:26'),(341,27,5,'2016-07-26 16:21:29'),(342,27,5,'2016-07-26 16:43:16'),(343,2,3,'2016-07-26 16:49:32'),(344,1,3,'2016-07-26 16:49:34'),(345,7,3,'2016-07-26 16:49:36'),(346,12,3,'2016-07-26 16:59:01'),(347,25,4,'2016-07-26 17:01:41'),(348,5,3,'2016-07-26 17:04:12'),(349,26,5,'2016-07-26 17:06:59'),(350,28,5,'2016-07-26 17:07:03'),(351,20,3,'2016-07-26 17:08:17'),(352,25,4,'2016-07-26 17:10:03'),(353,25,4,'2016-07-26 17:10:04'),(354,27,5,'2016-07-26 17:12:15'),(355,28,4,'2016-07-26 17:15:56'),(356,27,5,'2016-07-26 17:27:26'),(357,12,5,'2016-07-26 17:27:31'),(358,28,5,'2016-07-26 17:28:33'),(359,26,5,'2016-07-26 17:41:33'),(360,26,5,'2016-07-26 17:41:36'),(361,26,5,'2016-07-26 17:41:43'),(362,27,5,'2016-07-26 17:45:09'),(363,28,5,'2016-07-26 17:45:11'),(364,26,5,'2016-07-26 17:53:32'),(365,12,5,'2016-07-26 17:58:04'),(366,12,5,'2016-07-26 17:58:07'),(367,25,NULL,'2016-07-26 18:07:48'),(368,25,3,'2016-07-26 18:09:01'),(369,10,3,'2016-07-26 18:09:28'),(370,25,3,'2016-07-26 18:14:48'),(371,25,3,'2016-07-26 18:17:52'),(372,25,3,'2016-07-26 18:17:53'),(373,25,3,'2016-07-26 18:19:07'),(374,25,3,'2016-07-26 18:20:04'),(375,12,3,'2016-07-26 18:21:04'),(376,25,3,'2016-07-26 18:21:41'),(377,27,3,'2016-07-26 18:22:58'),(378,25,3,'2016-07-26 18:23:11'),(379,25,3,'2016-07-26 18:23:45'),(380,25,3,'2016-07-26 18:24:30'),(381,25,4,'2016-07-26 18:32:50'),(382,25,4,'2016-07-26 18:32:50'),(383,25,4,'2016-07-26 18:32:51'),(384,25,3,'2016-07-26 18:37:01'),(385,25,3,'2016-07-26 18:37:02'),(386,25,3,'2016-07-26 18:37:03'),(387,25,3,'2016-07-26 18:37:04'),(388,25,3,'2016-07-26 18:37:05'),(389,5,3,'2016-07-26 18:37:56'),(390,26,5,'2016-07-26 18:39:07'),(391,25,3,'2016-07-26 18:40:10'),(392,20,3,'2016-07-26 18:41:09'),(393,25,4,'2016-07-26 18:43:05'),(394,25,4,'2016-07-26 18:43:06'),(395,25,NULL,'2016-07-26 19:20:58'),(396,25,4,'2016-07-26 19:21:08'),(397,27,NULL,'2016-07-26 19:25:28'),(398,27,5,'2016-07-26 19:25:39'),(399,20,NULL,'2016-07-26 19:28:05'),(400,25,4,'2016-07-26 19:28:06'),(401,25,4,'2016-07-26 19:28:07'),(402,20,3,'2016-07-26 19:28:15'),(403,26,5,'2016-07-26 19:29:21'),(404,25,4,'2016-07-26 19:34:16'),(405,25,4,'2016-07-26 19:34:17'),(406,27,5,'2016-07-26 19:41:10'),(407,28,5,'2016-07-26 19:41:13'),(408,12,5,'2016-07-26 19:41:23'),(409,12,5,'2016-07-26 19:41:26'),(410,26,5,'2016-07-26 19:41:48'),(411,28,5,'2016-07-26 19:43:32'),(412,28,5,'2016-07-26 19:44:12'),(413,25,4,'2016-07-26 19:44:53'),(414,26,5,'2016-07-26 19:45:59'),(415,28,5,'2016-07-26 19:57:17'),(416,28,5,'2016-07-26 20:06:01'),(417,27,5,'2016-07-26 20:07:56'),(418,26,5,'2016-07-26 20:07:59'),(419,28,5,'2016-07-26 20:08:02'),(420,25,3,'2016-07-26 20:08:38'),(421,28,5,'2016-07-26 20:15:11'),(422,9,3,'2016-07-26 20:17:43'),(423,8,3,'2016-07-26 20:33:31'),(424,8,3,'2016-07-26 20:33:34'),(425,25,3,'2016-07-26 20:34:51'),(426,8,3,'2016-07-26 20:37:14'),(427,4,3,'2016-07-26 20:37:17'),(428,12,5,'2016-07-26 20:37:22'),(429,12,5,'2016-07-26 20:43:03'),(430,12,5,'2016-07-26 20:45:46'),(431,12,5,'2016-07-26 20:47:59'),(432,12,5,'2016-07-26 20:48:01'),(433,25,3,'2016-07-26 20:51:12'),(434,12,5,'2016-07-26 20:53:01'),(435,25,3,'2016-07-26 20:54:42'),(436,25,3,'2016-07-26 20:55:44'),(437,25,5,'2016-07-26 21:06:00'),(438,12,5,'2016-07-26 21:09:00'),(439,12,5,'2016-07-26 21:17:47'),(440,25,3,'2016-07-26 21:20:01'),(441,26,5,'2016-07-26 21:21:56'),(442,28,5,'2016-07-26 21:23:40'),(443,25,3,'2016-07-26 21:26:00'),(444,25,5,'2016-07-26 21:34:25'),(445,16,5,'2016-07-26 21:34:36'),(446,25,3,'2016-07-26 21:35:08'),(447,25,5,'2016-07-26 21:38:36'),(448,25,5,'2016-07-26 21:43:03'),(449,4,3,'2016-07-26 21:54:13'),(450,16,5,'2016-07-26 21:56:35'),(451,25,5,'2016-07-26 21:59:19'),(452,27,5,'2016-07-26 22:12:15'),(453,4,3,'2016-07-26 22:14:33'),(454,25,5,'2016-07-26 22:18:59'),(455,25,3,'2016-07-26 22:20:15'),(456,27,5,'2016-07-26 22:27:09'),(457,25,5,'2016-07-26 22:30:05'),(458,25,3,'2016-07-26 22:33:57'),(459,25,3,'2016-07-26 22:33:58'),(460,25,5,'2016-07-26 22:35:21'),(461,25,5,'2016-07-26 22:35:30'),(462,25,5,'2016-07-26 22:41:17'),(463,25,3,'2016-07-26 22:43:05'),(464,25,3,'2016-07-26 22:49:57'),(465,25,5,'2016-07-26 22:50:57'),(466,25,5,'2016-07-26 22:55:01'),(467,8,3,'2016-07-27 12:32:37'),(468,4,3,'2016-07-27 12:32:40'),(469,25,3,'2016-07-27 12:32:43'),(470,25,3,'2016-07-27 12:33:47'),(471,5,3,'2016-07-27 12:43:27'),(472,25,3,'2016-07-27 12:51:23'),(473,4,3,'2016-07-27 13:14:29'),(474,25,3,'2016-07-27 13:19:07'),(475,25,3,'2016-07-27 13:19:08'),(476,25,3,'2016-07-27 13:39:55'),(477,25,3,'2016-07-27 13:49:22'),(478,25,3,'2016-07-27 13:49:23'),(479,25,3,'2016-07-27 14:00:56'),(480,25,3,'2016-07-27 14:14:37'),(481,16,3,'2016-07-27 14:17:32'),(482,25,3,'2016-07-27 14:17:34'),(483,25,3,'2016-07-27 14:18:45'),(484,16,3,'2016-07-27 15:37:11'),(485,26,5,'2016-07-27 15:37:35'),(486,26,5,'2016-07-27 15:37:40'),(487,27,5,'2016-07-27 15:37:43'),(488,27,5,'2016-07-27 15:37:45'),(489,25,4,'2016-07-27 15:48:36'),(490,28,4,'2016-07-27 15:48:40'),(491,27,5,'2016-07-27 15:50:13'),(492,25,4,'2016-07-27 16:00:20'),(493,4,3,'2016-07-27 16:01:03'),(494,25,4,'2016-07-27 16:03:21'),(495,25,4,'2016-07-27 16:09:17'),(496,25,4,'2016-07-27 16:17:11'),(497,25,4,'2016-07-27 16:18:46'),(498,25,4,'2016-07-27 16:22:30'),(499,25,4,'2016-07-27 16:28:53'),(500,25,4,'2016-07-27 16:28:54'),(501,25,4,'2016-07-27 16:44:14'),(502,4,4,'2016-07-27 16:47:37'),(503,25,4,'2016-07-27 16:57:18'),(504,26,4,'2016-07-27 17:03:30'),(505,4,4,'2016-07-27 17:10:02'),(506,25,NULL,'2016-07-27 17:14:46'),(507,25,3,'2016-07-27 17:14:56'),(508,25,3,'2016-07-27 17:14:58'),(509,25,3,'2016-07-27 17:14:59'),(510,25,3,'2016-07-27 17:15:00'),(511,25,3,'2016-07-27 17:15:01'),(512,4,3,'2016-07-27 17:15:04'),(513,10,3,'2016-07-27 17:15:07'),(514,7,3,'2016-07-27 17:15:10'),(515,19,3,'2016-07-27 17:15:14'),(516,21,3,'2016-07-27 17:15:22'),(517,21,3,'2016-07-27 17:15:24'),(518,27,3,'2016-07-27 17:15:32'),(519,25,3,'2016-07-27 17:15:37'),(520,27,4,'2016-07-27 17:16:02'),(521,27,4,'2016-07-27 17:18:16'),(522,4,3,'2016-07-27 17:25:02'),(523,25,4,'2016-07-27 17:25:14'),(524,25,3,'2016-07-27 17:26:26'),(525,25,4,'2016-07-27 17:33:37'),(526,25,4,'2016-07-27 17:37:15'),(527,25,3,'2016-07-27 17:39:38'),(528,25,3,'2016-07-27 17:39:39'),(529,25,3,'2016-07-27 17:39:40'),(530,25,3,'2016-07-27 17:39:41'),(531,25,3,'2016-07-27 17:39:42'),(532,25,3,'2016-07-27 17:56:13'),(533,25,3,'2016-07-27 17:56:14'),(534,26,4,'2016-07-27 17:57:42'),(535,25,3,'2016-07-27 17:58:07'),(536,25,4,'2016-07-27 18:00:17'),(537,25,3,'2016-07-27 18:09:53'),(538,25,3,'2016-07-27 18:09:54'),(539,25,3,'2016-07-27 18:09:55'),(540,25,3,'2016-07-27 18:09:56'),(541,25,3,'2016-07-27 18:09:56'),(542,25,4,'2016-07-27 18:15:16'),(543,25,4,'2016-07-27 18:17:15'),(544,25,4,'2016-07-27 18:21:38'),(545,25,4,'2016-07-27 18:24:36'),(546,25,4,'2016-07-27 18:25:54'),(547,25,4,'2016-07-27 18:32:34'),(548,25,4,'2016-07-27 18:33:43'),(549,26,NULL,'2016-07-27 18:36:12'),(550,26,5,'2016-07-27 18:36:20'),(551,25,4,'2016-07-27 18:36:47'),(552,25,4,'2016-07-27 18:36:48'),(553,26,4,'2016-07-27 18:44:08'),(554,26,5,'2016-07-27 18:44:41'),(555,26,5,'2016-07-27 18:44:43'),(556,26,5,'2016-07-27 18:44:45'),(557,26,5,'2016-07-27 18:47:40'),(558,25,NULL,'2016-07-27 18:48:15'),(559,25,4,'2016-07-27 18:48:23'),(560,25,3,'2016-07-27 18:48:31'),(561,25,4,'2016-07-27 18:49:48'),(562,25,3,'2016-07-27 18:52:28'),(563,25,4,'2016-07-27 18:54:18'),(564,25,4,'2016-07-27 18:55:52'),(565,25,4,'2016-07-27 18:57:16'),(566,25,3,'2016-07-27 19:13:11'),(567,28,5,'2016-07-27 19:28:45'),(568,28,5,'2016-07-27 19:28:48'),(569,10,5,'2016-07-27 19:28:57'),(570,26,5,'2016-07-27 19:33:47'),(571,8,3,'2016-07-27 19:36:06'),(572,27,5,'2016-07-27 19:39:34'),(573,25,4,'2016-07-27 19:40:56'),(574,28,5,'2016-07-27 19:41:10'),(575,25,4,'2016-07-27 19:43:31'),(576,26,5,'2016-07-27 19:44:57'),(577,25,5,'2016-07-27 19:45:06'),(578,25,4,'2016-07-27 19:53:15'),(579,25,4,'2016-07-27 19:56:34'),(580,25,4,'2016-07-27 20:03:12'),(581,28,5,'2016-07-27 20:05:42'),(582,25,5,'2016-07-27 20:11:11'),(583,27,5,'2016-07-27 20:11:39'),(584,25,4,'2016-07-27 20:12:23'),(585,25,4,'2016-07-27 20:16:59'),(586,25,5,'2016-07-27 20:17:08'),(587,27,NULL,'2016-07-27 20:17:50'),(588,27,1,'2016-07-27 20:18:18'),(589,25,5,'2016-07-27 20:21:21'),(590,16,5,'2016-07-27 20:23:29'),(591,28,5,'2016-07-27 20:25:44'),(592,27,5,'2016-07-27 20:27:56'),(593,25,4,'2016-07-27 20:32:33'),(594,28,5,'2016-07-27 20:36:31'),(595,25,4,'2016-07-27 20:38:25'),(596,4,4,'2016-07-27 20:39:20'),(597,4,4,'2016-07-27 20:39:22'),(598,4,4,'2016-07-27 20:48:18'),(599,25,4,'2016-07-27 20:49:33'),(600,25,4,'2016-07-27 20:49:35'),(601,25,5,'2016-07-27 20:53:28'),(602,25,5,'2016-07-27 20:58:13'),(603,25,5,'2016-07-27 21:02:21'),(604,25,5,'2016-07-27 21:02:22'),(605,25,5,'2016-07-27 21:03:07'),(606,25,5,'2016-07-27 21:07:24'),(607,28,5,'2016-07-27 21:07:27'),(608,25,4,'2016-07-27 21:07:45'),(609,25,4,'2016-07-27 21:07:45'),(610,16,5,'2016-07-27 21:08:56'),(611,25,5,'2016-07-27 21:11:52'),(612,16,5,'2016-07-27 21:18:02'),(613,25,4,'2016-07-27 21:25:32'),(614,25,5,'2016-07-27 21:26:04'),(615,12,5,'2016-07-27 21:28:52'),(616,12,5,'2016-07-27 21:36:39'),(617,25,5,'2016-07-27 21:39:40'),(618,26,5,'2016-07-27 21:40:28'),(619,26,5,'2016-07-27 21:46:51'),(620,28,5,'2016-07-27 21:46:54'),(621,25,5,'2016-07-27 21:48:53'),(622,12,5,'2016-07-27 21:52:02'),(623,25,5,'2016-07-27 21:52:06'),(624,12,5,'2016-07-27 21:52:37'),(625,4,5,'2016-07-27 21:58:44'),(626,25,5,'2016-07-27 22:03:05'),(627,25,5,'2016-07-27 22:03:06'),(628,25,5,'2016-07-27 22:03:06'),(629,25,5,'2016-07-27 22:03:07'),(630,25,5,'2016-07-27 22:03:08'),(631,25,5,'2016-07-27 22:03:08'),(632,25,5,'2016-07-27 22:03:09'),(633,4,5,'2016-07-27 22:07:47'),(634,28,5,'2016-07-27 22:09:39'),(635,28,5,'2016-07-27 22:12:52'),(636,25,5,'2016-07-27 22:20:07'),(637,25,5,'2016-07-27 22:35:50'),(638,26,5,'2016-07-27 22:43:12'),(639,26,5,'2016-07-27 22:45:42'),(640,26,5,'2016-07-27 22:45:45'),(641,26,5,'2016-07-27 22:49:05'),(642,26,5,'2016-07-27 22:56:25'),(643,25,4,'2016-07-28 13:36:13'),(644,25,4,'2016-07-28 13:46:45'),(645,25,4,'2016-07-28 13:59:16'),(646,25,4,'2016-07-28 13:59:17'),(647,25,4,'2016-07-28 14:01:38'),(648,25,3,'2016-07-28 14:02:55'),(649,25,3,'2016-07-28 14:02:57'),(650,25,3,'2016-07-28 14:02:58'),(651,25,4,'2016-07-28 14:04:04'),(652,25,3,'2016-07-28 14:06:30'),(653,25,4,'2016-07-28 14:07:50'),(654,25,3,'2016-07-28 14:10:25'),(655,25,4,'2016-07-28 14:13:50'),(656,25,4,'2016-07-28 14:14:52'),(657,25,4,'2016-07-28 14:38:21'),(658,25,4,'2016-07-28 14:57:08'),(659,25,4,'2016-07-28 15:02:19'),(660,25,4,'2016-07-28 15:02:20'),(661,25,4,'2016-07-28 15:02:53'),(662,12,4,'2016-07-28 15:03:30'),(663,12,4,'2016-07-28 15:05:53'),(664,25,4,'2016-07-28 15:05:55'),(665,25,4,'2016-07-28 15:09:09'),(666,25,4,'2016-07-28 15:14:47'),(667,25,NULL,'2016-07-28 15:32:58'),(668,25,3,'2016-07-28 15:33:05'),(669,25,3,'2016-07-28 15:33:06'),(670,25,3,'2016-07-28 15:33:07'),(671,25,4,'2016-07-28 15:33:26'),(672,25,3,'2016-07-28 15:35:41'),(673,25,3,'2016-07-28 15:35:41'),(674,25,4,'2016-07-28 15:38:56'),(675,25,4,'2016-07-28 15:38:57'),(676,25,4,'2016-07-28 15:44:32'),(677,25,3,'2016-07-28 15:51:20'),(678,25,3,'2016-07-28 15:51:21'),(679,25,3,'2016-07-28 16:00:25'),(680,25,4,'2016-07-28 16:01:13'),(681,25,4,'2016-07-28 16:05:22'),(682,25,4,'2016-07-28 16:06:46'),(683,25,3,'2016-07-28 16:31:43'),(684,25,3,'2016-07-28 16:31:47'),(685,4,3,'2016-07-28 16:31:50'),(686,4,3,'2016-07-28 16:31:52'),(687,10,3,'2016-07-28 16:31:54'),(688,6,3,'2016-07-28 16:31:56'),(689,4,3,'2016-07-28 16:31:59'),(690,20,3,'2016-07-28 16:32:04'),(691,25,3,'2016-07-28 16:32:14'),(692,25,3,'2016-07-28 16:34:59'),(693,25,NULL,'2016-07-28 16:56:24'),(694,25,4,'2016-07-28 17:04:39'),(695,4,4,'2016-07-28 17:06:06'),(696,8,4,'2016-07-28 17:19:19'),(697,25,4,'2016-07-28 17:23:12'),(698,25,4,'2016-07-28 17:40:22'),(699,25,4,'2016-07-28 17:40:23'),(700,25,4,'2016-07-28 17:42:24'),(701,25,4,'2016-07-28 17:50:32'),(702,25,4,'2016-07-28 17:50:33'),(703,25,4,'2016-07-28 17:51:59'),(704,24,4,'2016-07-28 17:54:37'),(705,25,3,'2016-07-28 17:56:09'),(706,25,3,'2016-07-28 17:56:10'),(707,4,3,'2016-07-28 17:56:12'),(708,4,3,'2016-07-28 17:56:14'),(709,7,3,'2016-07-28 17:56:18'),(710,2,3,'2016-07-28 17:56:20'),(711,5,3,'2016-07-28 17:56:22'),(712,4,3,'2016-07-28 17:56:24'),(713,25,3,'2016-07-28 18:11:09'),(714,25,3,'2016-07-28 18:11:10'),(715,25,3,'2016-07-28 18:11:11'),(716,4,3,'2016-07-28 18:11:12'),(717,4,3,'2016-07-28 18:11:13'),(718,4,3,'2016-07-28 18:19:12'),(719,25,5,'2016-07-28 18:27:26'),(720,12,5,'2016-07-28 18:27:31'),(721,12,5,'2016-07-28 18:27:33'),(722,12,5,'2016-07-28 18:27:35'),(723,12,5,'2016-07-28 18:27:37'),(724,12,5,'2016-07-28 18:27:39'),(725,12,5,'2016-07-28 18:27:41'),(726,25,5,'2016-07-28 18:27:43'),(727,25,5,'2016-07-28 18:27:45'),(728,25,3,'2016-07-28 18:34:13'),(729,25,3,'2016-07-28 18:49:33'),(730,25,3,'2016-07-28 18:49:34'),(731,4,3,'2016-07-28 18:49:37'),(732,25,4,'2016-07-28 18:54:57'),(733,25,4,'2016-07-28 18:54:58'),(734,25,4,'2016-07-28 18:54:59'),(735,25,5,'2016-07-28 18:55:54'),(736,1,3,'2016-07-28 19:00:36'),(737,25,3,'2016-07-28 19:00:38'),(738,25,5,'2016-07-28 19:00:44'),(739,25,5,'2016-07-28 19:00:46'),(740,25,5,'2016-07-28 19:03:24'),(741,25,4,'2016-07-28 19:08:29'),(742,25,5,'2016-07-28 19:08:33'),(743,25,5,'2016-07-28 19:13:34'),(744,25,3,'2016-07-28 19:25:55'),(745,25,3,'2016-07-28 19:25:57'),(746,25,5,'2016-07-28 19:34:40'),(747,27,5,'2016-07-28 19:34:46'),(748,25,3,'2016-07-28 19:35:49'),(749,5,3,'2016-07-28 19:35:52'),(750,25,5,'2016-07-28 19:36:13'),(751,10,3,'2016-07-28 19:38:38'),(752,25,5,'2016-07-28 19:39:54'),(753,25,3,'2016-07-28 19:50:01'),(754,2,3,'2016-07-28 19:56:18'),(755,25,5,'2016-07-28 20:00:55'),(756,25,5,'2016-07-28 20:08:12'),(757,25,5,'2016-07-28 20:14:13'),(758,25,5,'2016-07-28 20:31:53'),(759,25,3,'2016-07-28 20:39:01'),(760,27,5,'2016-07-28 21:03:14'),(761,25,5,'2016-07-28 21:04:56'),(762,25,5,'2016-07-28 21:04:57'),(763,26,5,'2016-07-28 21:06:25'),(764,4,NULL,'2016-07-28 21:17:45'),(765,4,3,'2016-07-28 21:18:22'),(766,4,3,'2016-07-28 21:18:24'),(767,25,5,'2016-07-28 21:18:49'),(768,25,5,'2016-07-28 21:18:50'),(769,25,5,'2016-07-28 21:18:54'),(770,26,5,'2016-07-28 21:20:00'),(771,25,3,'2016-07-28 21:23:11'),(772,25,3,'2016-07-28 21:41:56'),(773,25,3,'2016-07-28 21:41:57'),(774,25,3,'2016-07-28 21:41:58'),(775,25,3,'2016-07-28 21:41:59'),(776,25,3,'2016-07-28 21:44:47'),(777,25,3,'2016-07-28 21:52:45'),(778,25,3,'2016-07-28 21:56:18'),(779,25,3,'2016-07-28 22:32:13'),(780,25,3,'2016-07-28 22:33:42'),(781,25,3,'2016-07-28 22:34:12'),(782,25,3,'2016-07-28 22:34:51'),(783,25,3,'2016-07-28 22:37:17'),(784,25,3,'2016-07-28 22:38:27'),(785,25,3,'2016-07-28 22:47:16'),(786,25,3,'2016-07-28 22:47:17'),(787,25,3,'2016-07-28 22:47:19'),(788,25,3,'2016-07-28 22:54:23'),(789,25,3,'2016-07-28 22:55:48'),(790,25,3,'2016-07-28 22:55:49'),(791,25,3,'2016-07-28 23:03:31'),(792,25,3,'2016-07-28 23:09:02'),(793,25,3,'2016-07-28 23:17:10'),(794,25,3,'2016-07-28 23:17:11'),(795,25,3,'2016-07-28 23:17:12'),(796,16,3,'2016-07-28 23:20:47'),(797,16,3,'2016-07-28 23:20:51'),(798,16,3,'2016-07-28 23:20:54'),(799,25,NULL,'2016-07-28 23:24:04'),(800,25,5,'2016-07-28 23:24:14'),(801,25,5,'2016-07-28 23:24:15'),(802,25,5,'2016-07-28 23:24:15'),(803,25,5,'2016-07-28 23:24:16'),(804,25,5,'2016-07-28 23:55:10'),(805,25,5,'2016-07-28 23:55:11'),(806,25,5,'2016-07-28 23:55:12'),(807,25,5,'2016-07-29 00:27:54'),(808,25,5,'2016-07-29 00:27:55'),(809,25,5,'2016-07-29 00:27:55'),(810,25,5,'2016-07-29 00:27:55'),(811,25,5,'2016-07-29 00:27:56'),(812,25,5,'2016-07-29 00:27:57'),(813,25,4,'2016-07-29 14:02:41'),(814,25,4,'2016-07-29 14:25:50'),(815,25,4,'2016-07-29 14:28:55'),(816,25,4,'2016-07-29 14:37:49'),(817,25,4,'2016-07-29 14:43:44'),(818,25,4,'2016-07-29 14:50:20'),(819,25,4,'2016-07-29 14:51:43'),(820,25,4,'2016-07-29 14:56:09'),(821,26,4,'2016-07-29 14:57:19'),(822,12,4,'2016-07-29 15:01:40'),(823,14,4,'2016-07-29 15:03:35'),(824,4,3,'2016-07-29 15:08:55'),(825,7,3,'2016-07-29 15:08:58'),(826,25,3,'2016-07-29 15:09:03'),(827,25,3,'2016-07-29 15:09:04'),(828,4,3,'2016-07-29 15:13:25'),(829,25,3,'2016-07-29 15:13:27'),(830,25,4,'2016-07-29 15:17:29'),(831,25,4,'2016-07-29 15:17:30'),(832,21,3,'2016-07-29 15:17:37'),(833,25,4,'2016-07-29 15:20:15'),(834,25,4,'2016-07-29 15:27:46'),(835,25,4,'2016-07-29 15:28:28'),(836,25,4,'2016-07-29 15:29:24'),(837,25,4,'2016-07-29 15:29:40'),(838,25,4,'2016-07-29 15:42:59'),(839,25,4,'2016-07-29 15:57:25'),(840,25,4,'2016-07-29 15:57:26'),(841,25,4,'2016-07-29 15:57:40'),(842,25,4,'2016-07-29 16:09:08'),(843,25,3,'2016-07-29 16:13:37'),(844,25,4,'2016-07-29 16:18:25'),(845,25,3,'2016-07-29 16:18:51'),(846,25,3,'2016-07-29 16:20:26'),(847,25,4,'2016-07-29 16:20:27'),(848,25,4,'2016-07-29 16:20:27'),(849,25,4,'2016-07-29 16:21:53'),(850,25,4,'2016-07-29 16:21:54'),(851,25,4,'2016-07-29 16:21:54'),(852,25,4,'2016-07-29 16:22:53'),(853,16,3,'2016-07-29 16:33:59'),(854,25,4,'2016-07-29 16:36:35'),(855,26,4,'2016-07-29 16:38:28'),(856,25,3,'2016-07-29 16:42:33'),(857,4,3,'2016-07-29 16:42:35'),(858,25,3,'2016-07-29 16:50:10'),(859,25,3,'2016-07-29 16:50:11'),(860,25,3,'2016-07-29 16:50:13'),(861,25,4,'2016-07-29 16:52:52'),(862,25,4,'2016-07-29 16:52:53'),(863,25,4,'2016-07-29 16:52:53'),(864,25,4,'2016-07-29 16:56:55'),(865,25,4,'2016-07-29 16:56:55'),(866,25,4,'2016-07-29 16:56:56'),(867,25,4,'2016-07-29 16:56:56'),(868,25,4,'2016-07-29 16:56:58'),(869,25,4,'2016-07-29 16:57:54'),(870,28,4,'2016-07-29 17:09:37'),(871,25,4,'2016-07-29 17:10:03'),(872,25,4,'2016-07-29 17:10:04'),(873,25,3,'2016-07-29 17:10:59'),(874,25,4,'2016-07-29 17:13:00'),(875,25,4,'2016-07-29 17:16:30'),(876,25,4,'2016-07-29 18:08:36'),(877,25,3,'2016-07-29 18:09:45'),(878,25,4,'2016-07-29 18:10:04'),(879,5,3,'2016-07-29 18:14:07'),(880,25,3,'2016-07-29 18:20:53'),(881,25,3,'2016-07-29 18:23:46'),(882,25,3,'2016-07-29 18:26:49'),(883,25,5,'2016-07-29 18:34:37'),(884,25,3,'2016-07-29 18:35:15'),(885,25,5,'2016-07-29 18:39:08'),(886,25,3,'2016-07-29 18:44:48'),(887,25,5,'2016-07-29 18:56:07'),(888,25,5,'2016-07-29 18:56:09'),(889,4,3,'2016-07-29 18:59:52'),(890,25,3,'2016-07-29 19:03:18'),(891,25,5,'2016-07-29 19:05:39'),(892,25,5,'2016-07-29 19:05:39'),(893,25,5,'2016-07-29 19:15:15'),(894,28,5,'2016-07-29 19:17:10'),(895,25,3,'2016-07-29 19:24:06'),(896,25,3,'2016-07-29 19:24:07'),(897,25,3,'2016-07-29 19:24:08'),(898,25,3,'2016-07-29 19:24:14'),(899,27,5,'2016-07-29 19:24:56'),(900,27,5,'2016-07-29 19:24:59'),(901,12,5,'2016-07-29 19:26:05'),(902,25,3,'2016-07-29 19:26:57'),(903,25,3,'2016-07-29 19:26:58'),(904,25,3,'2016-07-29 19:26:59'),(905,12,5,'2016-07-29 19:27:45'),(906,12,5,'2016-07-29 19:31:07'),(907,12,5,'2016-07-29 19:33:30'),(908,12,5,'2016-07-29 19:36:23'),(909,8,5,'2016-07-29 19:38:22'),(910,25,3,'2016-07-29 19:41:28'),(911,25,3,'2016-07-29 19:41:29'),(912,25,3,'2016-07-29 19:41:30'),(913,25,3,'2016-07-29 19:41:31'),(914,25,3,'2016-07-29 19:41:31'),(915,25,4,'2016-07-29 19:41:46'),(916,25,4,'2016-07-29 19:41:47'),(917,25,4,'2016-07-29 19:41:47'),(918,25,4,'2016-07-29 19:41:48'),(919,25,4,'2016-07-29 19:41:48'),(920,25,3,'2016-07-29 19:45:05'),(921,25,5,'2016-07-29 19:48:00'),(922,12,5,'2016-07-29 19:49:41'),(923,25,4,'2016-07-29 19:51:18'),(924,25,4,'2016-07-29 19:51:19'),(925,25,3,'2016-07-29 19:52:09'),(926,25,5,'2016-07-29 19:53:59'),(927,25,5,'2016-07-29 19:54:18'),(928,27,5,'2016-07-29 19:56:08'),(929,25,4,'2016-07-29 19:56:56'),(930,25,5,'2016-07-29 20:26:01'),(931,25,3,'2016-07-29 20:36:44'),(932,25,3,'2016-07-29 20:36:46'),(933,25,3,'2016-07-29 20:42:11'),(934,25,3,'2016-07-29 20:42:12'),(935,25,3,'2016-07-29 20:42:14'),(936,25,3,'2016-07-29 20:42:15');
/*!40000 ALTER TABLE `xtech_log` ENABLE KEYS */;
UNLOCK TABLES;
/*!40103 SET TIME_ZONE=@OLD_TIME_ZONE */;

/*!40101 SET SQL_MODE=@OLD_SQL_MODE */;
/*!40014 SET FOREIGN_KEY_CHECKS=@OLD_FOREIGN_KEY_CHECKS */;
/*!40014 SET UNIQUE_CHECKS=@OLD_UNIQUE_CHECKS */;
/*!40101 SET CHARACTER_SET_CLIENT=@OLD_CHARACTER_SET_CLIENT */;
/*!40101 SET CHARACTER_SET_RESULTS=@OLD_CHARACTER_SET_RESULTS */;
/*!40101 SET COLLATION_CONNECTION=@OLD_COLLATION_CONNECTION */;
/*!40111 SET SQL_NOTES=@OLD_SQL_NOTES */;

-- Dump completed on 2016-07-29 17:42:42
